Date,Observation,fit 1,fit 2,fit 3,fit 4,fit 5,fit 6
"Jan 1, 1990",,,,,,,
"Feb 6, 1990",,,,,,,
"Mar 9, 1990",,,,,,,
"Mar 9, 1990",,,,,,,
"Mar 15, 1990",,,,,,,
"Apr 20, 1990",,,,,,,
"May 3, 1990",,,,,,,
"May 12, 1990",,,,,,,
"May 27, 1990",,,,,,,
"Jun 28, 1990",0.741,0.724,,,,,
"Jul 2, 1990",,0.729,,,,,
"Jul 14, 1990",0.759,0.744,,,,,
"Jul 22, 1990",,0.752,,,,,
"Jul 30, 1990",0.757,0.758,,,,,
"Aug 8, 1990",,0.762,,,,,
"Aug 23, 1990",,0.762,,,,,
"Sep 8, 1990",0.794,0.757,,,,,
"Sep 13, 1990",,0.755,,,,,
"Sep 17, 1990",,0.753,,,,,
"Oct 20, 1990",,0.746,,,,,
"Nov 4, 1990",,0.747,,,,,
"Nov 20, 1990",,0.747,,,,,
"Nov 20, 1990",,0.747,,,,,
"Nov 25, 1990",,0.746,,,,,
"Jan 1, 1991",,0.727,,,,,
"Feb 6, 1991",,0.702,,,,,
"Mar 15, 1991",,0.688,,,,,
"Apr 4, 1991",,0.681,,,,,
"Apr 20, 1991",,0.676,,,,,
"Apr 20, 1991",,0.676,,,,,
"May 6, 1991",,0.675,,,,,
"May 22, 1991",0.623,0.681,,,,,
"May 27, 1991",,0.684,,,,,
"Jun 7, 1991",0.661,0.696,,,,,
"Jun 23, 1991",,0.717,,,,,
"Jul 2, 1991",,0.729,,,,,
"Jul 2, 1991",,0.729,,,,,
"Jul 2, 1991",,0.729,,,,,
"Jul 18, 1991",,0.749,,,,,
"Jul 18, 1991",,0.749,,,,,
"Jul 25, 1991",0.756,0.755,,,,,
"Aug 8, 1991",,0.762,,,,,
"Aug 26, 1991",,0.761,,,,,
"Sep 13, 1991",,0.755,,,,,
"Sep 27, 1991",0.746,0.749,,,,,
"Oct 20, 1991",,0.746,,,,,
"Oct 29, 1991",0.795,0.746,,,,,
"Nov 25, 1991",,0.746,,,,,
"Dec 16, 1991",,0.737,,,,,
"Jan 1, 1992",,0.727,,,,,
"Jan 1, 1992",,0.726,,,,,
"Jan 17, 1992",,0.714,,,,,
"Jan 26, 1992",,0.708,,,,,
"Jan 26, 1992",,0.708,,,,,
"Feb 6, 1992",,0.702,,,,,
"Mar 5, 1992",,0.691,,,,,
"Mar 14, 1992",,0.688,,,,,
"Mar 14, 1992",,0.688,,,,,
"Mar 21, 1992",,0.686,,,,,
"Apr 15, 1992",,0.677,,,,,
"Apr 15, 1992",,0.677,,,,,
"Apr 19, 1992",,0.676,,,,,
"May 1, 1992",,0.674,,,,,
"May 1, 1992",,0.674,,,,,
"May 8, 1992",0.669,0.675,,,,,
"May 17, 1992",0.7,0.679,,,,,
"May 17, 1992",0.658,0.679,,,,,
"May 26, 1992",,0.685,,,,,
"Jun 2, 1992",0.632,0.691,,,,,
"Jun 2, 1992",,0.691,,,,,
"Jun 9, 1992",0.676,0.699,,,,,
"Jun 18, 1992",,0.711,,,,,
"Jun 18, 1992",,0.711,,,,,
"Jul 2, 1992",,0.73,,,,,
"Jul 20, 1992",,0.752,,,,,
"Jul 20, 1992",,0.752,,,,,
"Aug 7, 1992",,0.762,,,,,
"Aug 21, 1992",,0.762,,,,,
"Aug 21, 1992",,0.762,,,,,
"Sep 6, 1992",0.744,0.757,,,,,
"Sep 13, 1992",,0.754,,,,,
"Sep 13, 1992",0.736,0.754,,,,,
"Oct 15, 1992",,0.746,,,,,
"Oct 19, 1992",,0.746,,,,,
"Oct 31, 1992",,0.747,,,,,
"Nov 9, 1992",,0.747,,,,,
"Nov 25, 1992",,0.746,,,,,
"Jan 1, 1993",,0.727,,,,,
"Jan 3, 1993",,0.725,,,,,
"Jan 19, 1993",,0.713,,,,,
"Feb 4, 1993",,0.703,,,,,
"Feb 6, 1993",,0.702,,,,,
"Feb 20, 1993",,0.696,,,,,
"Mar 8, 1993",,0.69,,,,,
"Mar 15, 1993",,0.688,,,,,
"Mar 24, 1993",,0.685,,,,,
"Apr 20, 1993",,0.676,,,,,
"May 27, 1993",,0.684,,,,,
"Jun 12, 1993",0.734,0.702,,,,,
"Jul 2, 1993",,0.729,,,,,
"Jul 14, 1993",,0.744,,,,,
"Aug 8, 1993",,0.762,,,,,
"Aug 15, 1993",0.781,0.763,,,,,
"Sep 13, 1993",,0.755,,,,,
"Sep 16, 1993",0.818,0.753,,,,,
"Oct 20, 1993",,0.746,,,,,
"Nov 25, 1993",,0.746,,,,,
"Jan 1, 1994",,0.727,,,,,
"Jan 6, 1994",,0.723,,,,,
"Jan 22, 1994",,0.711,,,,,
"Feb 6, 1994",,0.702,,,,,
"Feb 7, 1994",,0.701,,,,,
"Feb 23, 1994",,0.695,,,,,
"Mar 11, 1994",,0.689,,,,,
"Mar 15, 1994",,0.688,,,,,
"Apr 5, 1994",,0.681,,,,,
"Apr 12, 1994",,0.678,,,,,
"Apr 20, 1994",,0.676,,,,,
"Apr 21, 1994",,0.676,,,,,
"Apr 21, 1994",,0.676,,,,,
"Apr 28, 1994",0.696,0.675,,,,,
"May 7, 1994",0.629,0.675,,,,,
"May 7, 1994",,0.675,,,,,
"May 23, 1994",,0.682,,,,,
"May 27, 1994",,0.684,,,,,
"Jun 15, 1994",,0.706,,,,,
"Jun 24, 1994",,0.718,,,,,
"Jul 2, 1994",,0.729,,,,,
"Jul 17, 1994",,0.748,,,,,
"Jul 26, 1994",,0.756,,,,,
"Aug 8, 1994",,0.762,,,,,
"Aug 11, 1994",,0.763,,,,,
"Aug 11, 1994",,0.763,,,,,
"Sep 3, 1994",,0.759,,,,,
"Sep 12, 1994",0.76,0.755,,,,,
"Sep 12, 1994",0.756,0.755,,,,,
"Sep 13, 1994",,0.755,,,,,
"Sep 19, 1994",,0.752,,,,,
"Oct 14, 1994",0.689,0.746,,,,,
"Oct 20, 1994",,0.746,,,,,
"Nov 25, 1994",,0.746,,,,,
"Jan 1, 1995",,0.727,,,,,
"Jan 9, 1995",,0.72,,,,,
"Jan 18, 1995",,0.714,,,,,
"Jan 25, 1995",,0.709,,,,,
"Feb 3, 1995",,0.704,,,,,
"Feb 3, 1995",,0.704,,,,,
"Feb 6, 1995",,0.702,,,,,
"Feb 10, 1995",,0.7,,,,,
"Feb 19, 1995",,0.696,,,,,
"Feb 26, 1995",,0.694,,,,,
"Mar 7, 1995",,0.691,,,,,
"Mar 15, 1995",,0.688,,,,,
"Mar 30, 1995",,0.683,,,,,
"Apr 8, 1995",,0.68,,,,,
"Apr 8, 1995",,0.68,,,,,
"Apr 20, 1995",,0.676,,,,,
"Apr 24, 1995",0.646,0.675,,,,,
"Apr 24, 1995",0.66,0.675,,,,,
"May 1, 1995",,0.674,,,,,
"May 10, 1995",,0.676,,,,,
"May 10, 1995",,0.676,,,,,
"May 17, 1995",,0.678,,,,,
"May 27, 1995",,0.684,,,,,
"Jun 2, 1995",0.637,0.69,,,,,
"Jun 18, 1995",,0.71,,,,,
"Jun 27, 1995",0.714,0.722,,,,,
"Jun 27, 1995",0.711,0.722,,,,,
"Jul 2, 1995",,0.729,,,,,
"Jul 4, 1995",0.74,0.732,,,,,
"Jul 13, 1995",0.77,0.743,,,,,
"Jul 20, 1995",,0.751,,,,,
"Aug 5, 1995",0.753,0.761,,,,,
"Aug 8, 1995",,0.762,,,,,
"Aug 14, 1995",0.767,0.763,,,,,
"Aug 14, 1995",0.723,0.763,,,,,
"Aug 21, 1995",0.765,0.763,,,,,
"Aug 30, 1995",,0.76,,,,,
"Sep 6, 1995",0.739,0.758,,,,,
"Sep 13, 1995",,0.755,,,,,
"Sep 15, 1995",,0.754,,,,,
"Sep 15, 1995",,0.754,,,,,
"Oct 1, 1995",0.802,0.748,,,,,
"Oct 1, 1995",0.768,0.748,,,,,
"Oct 20, 1995",,0.746,,,,,
"Oct 24, 1995",0.754,0.746,,,,,
"Nov 9, 1995",0.76,0.747,,,,,
"Nov 25, 1995",,0.746,,,,,
"Nov 25, 1995",,0.746,,,,,
"Dec 11, 1995",,0.74,,,,,
"Jan 1, 1996",,0.727,,,,,
"Feb 6, 1996",,0.702,,,,,
"Feb 29, 1996",,0.693,,,,,
"Mar 14, 1996",,0.688,,,,,
"Mar 16, 1996",,0.687,,,,,
"Apr 1, 1996",,0.682,,,,,
"Apr 19, 1996",,0.676,,,,,
"May 3, 1996",0.698,0.675,,,,,
"May 26, 1996",,0.685,,,,,
"Jun 20, 1996",,0.714,,,,,
"Jul 2, 1996",,0.73,,,,,
"Jul 22, 1996",0.723,0.753,,,,,
"Aug 7, 1996",,0.762,,,,,
"Aug 7, 1996",0.713,0.762,,,,,
"Sep 8, 1996",,0.756,,,,,
"Sep 13, 1996",,0.754,,,,,
"Oct 19, 1996",,0.746,,,,,
"Oct 26, 1996",0.776,0.746,,,,,
"Nov 11, 1996",,0.747,,,,,
"Nov 25, 1996",,0.746,,,,,
"Jan 1, 1997",,0.727,,,,,
"Feb 6, 1997",,0.702,,,,,
"Mar 15, 1997",,0.688,,,,,
"Apr 20, 1997",,0.676,,,,,
"May 27, 1997",,0.684,,,,,
"Jun 23, 1997",0.716,0.717,,,,,
"Jul 2, 1997",,0.729,,,,,
"Jul 25, 1997",0.774,0.755,,,,,
"Aug 8, 1997",,0.762,,,,,
"Aug 26, 1997",0.758,0.761,,,,,
"Sep 13, 1997",,0.755,,,,,
"Sep 27, 1997",0.77,0.749,,,,,
"Oct 20, 1997",,0.746,,,,,
"Nov 25, 1997",,0.746,,,,,
"Nov 30, 1997",,0.745,,,,,
"Jan 1, 1998",,0.727,,,,,
"Jan 1, 1998",,0.726,,,,,
"Jan 17, 1998",,0.714,,,,,
"Feb 2, 1998",,0.704,,,,,
"Feb 6, 1998",,0.702,,,,,
"Mar 6, 1998",,0.691,,,,,
"Mar 15, 1998",,0.688,,,,,
"Apr 7, 1998",,0.68,,,,,
"Apr 20, 1998",,0.676,,,,,
"Apr 23, 1998",,0.675,,,,,
"May 27, 1998",,0.684,,,,,
"Jun 10, 1998",0.708,0.699,,,,,
"Jul 2, 1998",,0.729,,,,,
"Aug 8, 1998",,0.762,,,,,
"Aug 13, 1998",0.741,0.763,,,,,
"Sep 13, 1998",,0.755,,,,,
"Oct 20, 1998",,0.746,,,,,
"Nov 25, 1998",,0.746,,,,,
"Dec 3, 1998",,0.744,,,,,
"Jan 1, 1999",,0.727,,,,,
"Jan 4, 1999",,0.724,,,,,
"Jan 20, 1999",,0.712,,,,,
"Feb 6, 1999",,0.702,,,,,
"Feb 14, 1999",,0.698,,,,,
"Feb 14, 1999",,0.698,,,,,
"Feb 21, 1999",,0.696,,,,,
"Mar 2, 1999",,0.692,,,,,
"Mar 9, 1999",,0.69,,,,,
"Mar 15, 1999",,0.688,,,,,
"Apr 19, 1999",,0.676,,,,,
"Apr 20, 1999",,0.676,,,,,
"May 12, 1999",,0.676,,,,,
"May 27, 1999",,0.684,,,,,
"May 28, 1999",0.706,0.686,,,,,
"Jun 13, 1999",0.762,0.703,,,,,
"Jul 2, 1999",,0.729,,,,,
"Jul 7, 1999",,0.736,,,,,
"Jul 15, 1999",0.757,0.746,,,,,
"Jul 23, 1999",0.751,0.753,,,,,
"Jul 24, 1999",,0.754,,,,,
"Jul 31, 1999",0.771,0.759,,,,,
"Aug 8, 1999",,0.762,,,,,
"Aug 9, 1999",,0.762,,,,,
"Aug 9, 1999",,0.762,,,,,
"Aug 16, 1999",0.788,0.763,,,,,
"Aug 24, 1999",0.812,0.762,,,,,
"Aug 25, 1999",0.681,0.762,,,,,
"Sep 1, 1999",0.775,0.76,,,,,
"Sep 9, 1999",0.773,0.756,,,,,
"Sep 13, 1999",,0.755,,,,,
"Oct 3, 1999",,0.748,,,,,
"Oct 11, 1999",0.599,0.746,,,,,
"Oct 12, 1999",0.722,0.746,,,,,
"Oct 19, 1999",0.771,0.746,,,,,
"Oct 20, 1999",,0.746,,,,,
"Oct 28, 1999",,0.746,,,,,
"Oct 28, 1999",,0.746,,,,,
"Nov 12, 1999",,0.747,,,,,
"Nov 20, 1999",,0.747,,,,,
"Nov 25, 1999",,0.746,,,,,
"Nov 28, 1999",,0.745,,,,,
"Dec 14, 1999",,0.739,,,,,
"Dec 22, 1999",,0.734,,,,,
"Dec 30, 1999",,0.728,,,,,
"Dec 31, 1999",,0.727,,,,,
"Jan 1, 2000",,0.727,,,,,
"Jan 15, 2000",,0.716,,,,,
"Jan 23, 2000",,0.71,,,,,
"Feb 1, 2000",,0.705,,,,,
"Feb 6, 2000",,0.702,,,,,
"Feb 8, 2000",,0.701,,,,,
"Mar 14, 2000",,0.688,,,,,
"Mar 19, 2000",,0.686,,,,,
"Apr 19, 2000",,0.676,,,,,
"Apr 20, 2000",,0.676,,,,,
"May 6, 2000",,0.675,,,,,
"May 14, 2000",0.749,0.677,,,,,
"May 22, 2000",,0.682,,,,,
"May 26, 2000",,0.685,,,,,
"May 30, 2000",0.661,0.688,,,,,
"Jun 15, 2000",,0.707,,,,,
"Jun 16, 2000",,0.708,,,,,
"Jun 16, 2000",,0.708,,,,,
"Jun 23, 2000",,0.718,,,,,
"Jul 1, 2000",0.783,0.729,,,,,
"Jul 2, 2000",,0.73,,,,,
"Jul 9, 2000",0.768,0.74,,,,,
"Jul 25, 2000",,0.756,,,,,
"Aug 7, 2000",,0.762,,,,,
"Aug 19, 2000",,0.763,,,,,
"Aug 26, 2000",0.79,0.761,,,,,
"Sep 3, 2000",,0.758,,,,,
"Sep 11, 2000",,0.755,,,,,
"Sep 13, 2000",,0.754,,,,,
"Sep 19, 2000",,0.752,,,,,
"Sep 27, 2000",0.826,0.749,,,,,
"Oct 13, 2000",0.793,0.746,,,,,
"Oct 19, 2000",,0.746,,,,,
"Nov 25, 2000",,0.746,,,,,
"Dec 16, 2000",,0.737,,,,,
"Dec 24, 2000",,0.732,,,,,
"Jan 1, 2001",,0.727,,,,,
"Jan 1, 2001",,0.726,,,,,
"Jan 9, 2001",,0.72,,,,,
"Jan 17, 2001",,0.714,,,,,
"Jan 25, 2001",,0.709,,,,,
"Feb 2, 2001",,0.704,,,,,
"Feb 6, 2001",,0.702,,,,,
"Feb 18, 2001",,0.697,,,,,
"Mar 15, 2001",,0.688,,,,,
"Apr 7, 2001",,0.68,,,,,
"Apr 20, 2001",,0.676,,,,,
"Apr 23, 2001",0.751,0.675,,,,,
"May 1, 2001",,0.674,,,,,
"May 2, 2001",0.685,0.674,,,,,
"May 2, 2001",0.665,0.674,,,,,
"May 9, 2001",0.673,0.675,,,,,
"May 25, 2001",0.685,0.683,,,,,
"May 27, 2001",,0.684,,,,,
"Jun 10, 2001",0.733,0.699,,,,,
"Jun 11, 2001",,0.701,,,,,
"Jun 18, 2001",0.75,0.71,,,,,
"Jun 26, 2001",0.684,0.721,,,,,
"Jul 2, 2001",,0.729,,,,,
"Jul 4, 2001",,0.732,,,,,
"Jul 12, 2001",,0.742,,,,,
"Jul 13, 2001",,0.743,,,,,
"Jul 21, 2001",0.779,0.752,,,,,
"Jul 21, 2001",,0.752,,,,,
"Jul 28, 2001",,0.757,,,,,
"Jul 29, 2001",,0.758,,,,,
"Jul 29, 2001",,0.758,,,,,
"Aug 6, 2001",,0.762,,,,,
"Aug 6, 2001",,0.762,,,,,
"Aug 8, 2001",,0.762,,,,,
"Aug 13, 2001",,0.763,,,,,
"Aug 14, 2001",0.793,0.763,,,,,
"Aug 14, 2001",,0.763,,,,,
"Aug 29, 2001",0.432,0.761,,,,,
"Sep 13, 2001",,0.755,,,,,
"Sep 14, 2001",,0.754,,,,,
"Sep 23, 2001",0.643,0.751,,,,,
"Sep 23, 2001",0.545,0.751,,,,,
"Sep 30, 2001",0.34,,,,,,
"Oct 16, 2001",0.48,,0.367,,,,
"Oct 17, 2001",,,0.369,,,,
"Oct 20, 2001",,,0.374,,,,
"Oct 24, 2001",,,0.382,,,,
"Nov 17, 2001",0.425,,0.41,,,,
"Nov 25, 2001",,,0.415,,,,
"Dec 3, 2001",,,0.42,,,,
"Dec 4, 2001",,,0.421,,,,
"Dec 11, 2001",0.549,,0.427,,,,
"Dec 19, 2001",,,0.435,,,,
"Jan 1, 2002",,,0.455,,,,
"Jan 4, 2002",,,0.462,,,,
"Jan 12, 2002",,,0.478,,,,
"Jan 20, 2002",,,0.493,,,,
"Jan 28, 2002",,,0.506,,,,
"Feb 5, 2002",,,0.514,,,,
"Feb 6, 2002",,,0.514,,,,
"Mar 15, 2002",,,0.43,,,,
"Mar 25, 2002",,,0.374,,,,
"Apr 20, 2002",,,0.243,,,,
"May 4, 2002",0.232,,0.205,,,,
"May 5, 2002",,,0.204,,,,
"May 5, 2002",,,0.204,,,,
"May 12, 2002",,,0.2,,,,
"May 13, 2002",,,0.2,,,,
"May 27, 2002",,,0.218,,,,
"May 28, 2002",,,0.222,,,,
"Jun 13, 2002",0.303,,0.269,,,,
"Jun 14, 2002",0.39,,0.273,,,,
"Jun 14, 2002",,,0.273,,,,
"Jun 29, 2002",0.223,,0.317,,,,
"Jun 30, 2002",,,0.32,,,,
"Jun 30, 2002",,,0.32,,,,
"Jul 2, 2002",,,0.324,,,,
"Jul 16, 2002",,,0.347,,,,
"Jul 31, 2002",0.246,,0.352,,,,
"Aug 1, 2002",0.232,,0.351,,,,
"Aug 8, 2002",,,0.349,,,,
"Aug 16, 2002",0.351,,0.345,,,,
"Aug 17, 2002",,,0.344,,,,
"Aug 24, 2002",,,0.342,,,,
"Sep 1, 2002",,,0.342,,,,
"Sep 9, 2002",0.3,,0.346,,,,
"Sep 10, 2002",,,0.347,,,,
"Sep 10, 2002",,,0.347,,,,
"Sep 13, 2002",,,0.349,,,,
"Sep 17, 2002",0.393,,0.354,,,,
"Sep 18, 2002",0.345,,0.355,,,,
"Sep 18, 2002",0.227,,0.355,,,,
"Sep 25, 2002",0.315,,0.366,,,,
"Sep 26, 2002",,,0.368,,,,
"Sep 26, 2002",,,0.368,,,,
"Oct 3, 2002",,,0.381,,,,
"Oct 4, 2002",0.324,,0.383,,,,
"Oct 4, 2002",0.261,,0.383,,,,
"Oct 20, 2002",,,0.412,,,,
"Nov 4, 2002",,,0.436,,,,
"Nov 25, 2002",,,0.454,,,,
"Nov 28, 2002",,,0.456,,,,
"Dec 6, 2002",,,0.461,,,,
"Dec 7, 2002",,,0.462,,,,
"Dec 7, 2002",,,0.462,,,,
"Dec 23, 2002",,,0.48,,,,
"Dec 23, 2002",,,0.48,,,,
"Dec 30, 2002",,,0.491,,,,
"Jan 1, 2003",,,0.494,,,,
"Jan 7, 2003",,,0.506,,,,
"Jan 15, 2003",,,0.522,,,,
"Jan 23, 2003",,,0.537,,,,
"Jan 31, 2003",,,0.549,,,,
"Feb 6, 2003",,,0.553,,,,
"Feb 8, 2003",,,0.554,,,,
"Feb 16, 2003",,,0.55,,,,
"Feb 24, 2003",,,0.537,,,,
"Mar 4, 2003",,,0.513,,,,
"Mar 15, 2003",,,0.469,,,,
"Mar 20, 2003",,,0.44,,,,
"Mar 28, 2003",,,0.396,,,,
"Apr 13, 2003",,,0.311,,,,
"Apr 20, 2003",,,0.281,,,,
"Apr 21, 2003",0.261,,0.277,,,,
"Apr 29, 2003",,,0.253,,,,
"May 15, 2003",,,0.24,,,,
"May 27, 2003",,,0.257,,,,
"Jun 8, 2003",,,0.292,,,,
"Jun 24, 2003",,,0.343,,,,
"Jul 2, 2003",,,0.363,,,,
"Jul 10, 2003",0.324,,0.378,,,,
"Jul 18, 2003",,,0.388,,,,
"Aug 3, 2003",,,0.39,,,,
"Aug 8, 2003",,,0.388,,,,
"Aug 19, 2003",0.259,,0.382,,,,
"Aug 27, 2003",0.554,,0.38,,,,
"Sep 12, 2003",,,0.387,,,,
"Sep 13, 2003",,,0.388,,,,
"Oct 14, 2003",0.412,,0.441,,,,
"Oct 20, 2003",,,0.451,,,,
"Oct 22, 2003",,,0.456,,,,
"Nov 7, 2003",,,0.479,,,,
"Nov 15, 2003",,,0.486,,,,
"Nov 23, 2003",,,0.492,,,,
"Nov 24, 2003",,,0.492,,,,
"Nov 24, 2003",,,0.492,,,,
"Nov 25, 2003",,,0.493,,,,
"Dec 9, 2003",,,0.503,,,,
"Jan 1, 2004",,,0.533,,,,
"Jan 10, 2004",,,0.551,,,,
"Jan 26, 2004",,,0.581,,,,
"Feb 3, 2004",,,0.59,,,,
"Feb 6, 2004",,,0.592,,,,
"Feb 19, 2004",,,0.585,,,,
"Feb 27, 2004",,,0.568,,,,
"Mar 14, 2004",,,0.507,,,,
"Mar 14, 2004",,,0.505,,,,
"Mar 15, 2004",,,0.5,,,,
"Mar 22, 2004",,,0.463,,,,
"Mar 30, 2004",,,0.418,,,,
"Apr 7, 2004",,,0.375,,,,
"Apr 15, 2004",,,0.336,,,,
"Apr 19, 2004",,,0.319,,,,
"Apr 23, 2004",,,0.306,,,,
"May 1, 2004",0.204,,0.286,,,,
"May 9, 2004",,,0.278,,,,
"May 17, 2004",0.239,,0.281,,,,
"May 26, 2004",,,0.297,,,,
"Jun 10, 2004",0.237,,0.341,,,,
"Jun 18, 2004",,,0.366,,,,
"Jun 26, 2004",0.321,,0.39,,,,
"Jul 2, 2004",,,0.403,,,,
"Jul 4, 2004",0.368,,0.409,,,,
"Jul 12, 2004",,,0.421,,,,
"Jul 20, 2004",,,0.428,,,,
"Jul 28, 2004",0.392,,0.43,,,,
"Aug 5, 2004",0.372,,0.427,,,,
"Aug 7, 2004",,,0.426,,,,
"Aug 29, 2004",,,0.419,,,,
"Sep 6, 2004",,,0.422,,,,
"Sep 13, 2004",,,0.428,,,,
"Sep 14, 2004",0.302,,0.429,,,,
"Sep 22, 2004",,,0.441,,,,
"Sep 30, 2004",,,0.455,,,,
"Oct 1, 2004",,,0.457,,,,
"Oct 1, 2004",,,0.457,,,,
"Oct 8, 2004",,,0.47,,,,
"Oct 19, 2004",,,0.492,,,,
"Oct 24, 2004",,,0.5,,,,
"Nov 9, 2004",,,0.52,,,,
"Nov 17, 2004",0.437,,0.527,,,,
"Nov 25, 2004",,,0.532,,,,
"Nov 25, 2004",,,0.532,,,,
"Dec 19, 2004",,,0.553,,,,
"Dec 27, 2004",,,0.565,,,,
"Jan 1, 2005",,,0.571,,,,
"Jan 4, 2005",,,0.578,,,,
"Jan 12, 2005",,,0.594,,,,
"Jan 20, 2005",,,0.61,,,,
"Jan 28, 2005",,,0.623,,,,
"Feb 5, 2005",,,0.63,,,,
"Feb 6, 2005",,,0.631,,,,
"Feb 13, 2005",,,0.63,,,,
"Mar 15, 2005",,,0.547,,,,
"Mar 17, 2005",,,0.534,,,,
"Mar 25, 2005",,,0.491,,,,
"Apr 10, 2005",,,0.403,,,,
"Apr 18, 2005",0.377,,0.366,,,,
"Apr 20, 2005",,,0.359,,,,
"Apr 26, 2005",,,0.339,,,,
"May 4, 2005",,,0.322,,,,
"May 12, 2005",0.303,,0.317,,,,
"May 20, 2005",,,0.323,,,,
"May 27, 2005",,,0.335,,,,
"Jun 5, 2005",,,0.36,,,,
"Jun 13, 2005",,,0.386,,,,
"Jun 21, 2005",0.418,,0.411,,,,
"Jun 29, 2005",,,0.434,,,,
"Jul 2, 2005",,,0.441,,,,
"Jul 7, 2005",0.478,,0.451,,,,
"Jul 15, 2005",0.484,,0.463,,,,
"Jul 23, 2005",0.447,,0.468,,,,
"Jul 24, 2005",,,0.468,,,,
"Jul 24, 2005",,,0.468,,,,
"Jul 31, 2005",0.502,,0.468,,,,
"Aug 8, 2005",,,0.466,,,,
"Aug 8, 2005",0.475,,0.465,,,,
"Aug 9, 2005",,,0.465,,,,
"Aug 9, 2005",,,0.465,,,,
"Aug 16, 2005",,,0.461,,,,
"Aug 25, 2005",0.544,,0.458,,,,
"Aug 25, 2005",0.473,,0.458,,,,
"Sep 9, 2005",,,0.462,,,,
"Sep 10, 2005",0.536,,0.463,,,,
"Sep 10, 2005",0.425,,0.463,,,,
"Sep 13, 2005",,,0.466,,,,
"Sep 25, 2005",,,0.483,,,,
"Oct 3, 2005",0.458,,0.497,,,,
"Oct 12, 2005",0.452,,0.515,,,,
"Oct 12, 2005",0.479,,0.515,,,,
"Oct 20, 2005",,,0.529,,,,
"Nov 12, 2005",,,0.561,,,,
"Nov 25, 2005",,,0.57,,,,
"Dec 14, 2005",,,0.585,,,,
"Jan 1, 2006",,,0.61,,,,
"Feb 6, 2006",,,0.669,,,,
"Feb 8, 2006",,,0.67,,,,
"Feb 16, 2006",,,0.667,,,,
"Mar 15, 2006",,,0.586,,,,
"Mar 20, 2006",,,0.557,,,,
"Apr 20, 2006",,,0.398,,,,
"Apr 21, 2006",,,0.394,,,,
"Apr 29, 2006",0.314,,0.37,,,,
"May 7, 2006",,,0.357,,,,
"May 15, 2006",0.333,,0.357,,,,
"May 27, 2006",,,0.373,,,,
"May 31, 2006",,,0.385,,,,
"Jun 16, 2006",0.447,,0.434,,,,
"Jun 24, 2006",,,0.459,,,,
"Jul 2, 2006",,,0.48,,,,
"Jul 10, 2006",,,0.495,,,,
"Jul 18, 2006",0.601,,0.504,,,,
"Jul 26, 2006",,,0.507,,,,
"Aug 3, 2006",,,0.506,,,,
"Aug 8, 2006",,,0.504,,,,
"Aug 11, 2006",,,0.503,,,,
"Aug 19, 2006",,,0.499,,,,
"Aug 27, 2006",,,0.497,,,,
"Sep 12, 2006",0.563,,0.504,,,,
"Sep 13, 2006",,,0.505,,,,
"Sep 20, 2006",,,0.514,,,,
"Sep 28, 2006",,,0.527,,,,
"Oct 6, 2006",0.544,,0.542,,,,
"Oct 14, 2006",,,0.558,,,,
"Oct 15, 2006",0.559,,0.56,,,,
"Oct 15, 2006",0.506,,0.56,,,,
"Oct 20, 2006",,,0.568,,,,
"Oct 22, 2006",0.611,,0.573,,,,
"Oct 31, 2006",,,0.587,,,,
"Oct 31, 2006",,,0.587,,,,
"Nov 7, 2006",0.707,,0.595,,,,
"Nov 23, 2006",,,0.608,,,,
"Nov 25, 2006",,,0.609,,,,
"Dec 2, 2006",,,0.614,,,,
"Dec 18, 2006",,,0.628,,,,
"Dec 18, 2006",,,0.628,,,,
"Dec 25, 2006",,,0.638,,,,
"Jan 1, 2007",,,0.649,,,,
"Jan 3, 2007",,,0.654,,,,
"Jan 3, 2007",,,0.654,,,,
"Jan 10, 2007",,,0.668,,,,
"Jan 18, 2007",,,0.684,,,,
"Feb 3, 2007",,,0.707,,,,
"Feb 4, 2007",,,0.707,,,,
"Feb 6, 2007",,,0.708,,,,
"Feb 11, 2007",,,0.709,,,,
"Feb 19, 2007",,,0.702,,,,
"Feb 27, 2007",,,0.684,,,,
"Mar 7, 2007",,,0.657,,,,
"Mar 8, 2007",,,0.653,,,,
"Mar 15, 2007",,,0.625,,,,
"Mar 24, 2007",,,0.574,,,,
"Mar 24, 2007",,,0.574,,,,
"Mar 31, 2007",,,0.535,,,,
"Apr 1, 2007",,,0.529,,,,
"Apr 1, 2007",,,0.529,,,,
"Apr 20, 2007",,,0.437,,,,
"Apr 24, 2007",,,0.422,,,,
"Apr 25, 2007",,,0.419,,,,
"Apr 25, 2007",,,0.419,,,,
"May 2, 2007",,,0.403,,,,
"May 3, 2007",,,0.401,,,,
"May 3, 2007",0.473,,0.401,,,,
"May 10, 2007",,,0.395,,,,
"May 26, 2007",,,0.411,,,,
"May 27, 2007",,,0.412,,,,
"May 27, 2007",0.428,,0.414,,,,
"May 27, 2007",0.404,,0.414,,,,
"Jun 3, 2007",,,0.432,,,,
"Jun 11, 2007",0.526,,0.457,,,,
"Jun 12, 2007",0.529,,0.46,,,,
"Jun 12, 2007",0.54,,0.46,,,,
"Jun 19, 2007",0.458,,0.483,,,,
"Jun 27, 2007",,,0.506,,,,
"Jul 2, 2007",,,0.518,,,,
"Jul 6, 2007",,,0.527,,,,
"Jul 6, 2007",,,0.527,,,,
"Jul 13, 2007",,,0.538,,,,
"Jul 21, 2007",0.644,,0.545,,,,
"Jul 22, 2007",,,0.545,,,,
"Jul 22, 2007",,,0.545,,,,
"Jul 29, 2007",,,0.546,,,,
"Aug 7, 2007",,,0.543,,,,
"Aug 7, 2007",,,0.543,,,,
"Aug 8, 2007",,,0.543,,,,
"Aug 14, 2007",,,0.54,,,,
"Aug 22, 2007",0.574,,0.537,,,,
"Aug 23, 2007",,,0.536,,,,
"Sep 7, 2007",,,0.539,,,,
"Sep 8, 2007",,,0.539,,,,
"Sep 8, 2007",,,0.539,,,,
"Sep 13, 2007",,,0.544,,,,
"Sep 23, 2007",0.579,,0.557,,,,
"Sep 24, 2007",0.515,,0.559,,,,
"Sep 24, 2007",0.52,,0.559,,,,
"Oct 1, 2007",,,0.571,,,,
"Oct 2, 2007",,,0.573,,,,
"Oct 2, 2007",,,0.573,,,,
"Oct 17, 2007",0.599,,0.602,,,,
"Oct 20, 2007",,,0.607,,,,
"Nov 2, 2007",0.602,,0.628,,,,
"Nov 11, 2007",0.59,,0.638,,,,
"Nov 11, 2007",0.566,,0.638,,,,
"Nov 18, 2007",,,0.644,,,,
"Nov 25, 2007",,,0.648,,,,
"Nov 27, 2007",,,0.649,,,,
"Dec 13, 2007",,,0.662,,,,
"Dec 13, 2007",,,0.662,,,,
"Jan 1, 2008",,,0.688,,,,
"Jan 21, 2008",,,0.728,,,,
"Feb 6, 2008",,,0.747,,,,
"Feb 15, 2008",,,0.745,,,,
"Feb 22, 2008",,,0.735,,,,
"Mar 10, 2008",,,0.679,,,,
"Mar 14, 2008",,,0.662,,,,
"Mar 17, 2008",,,0.645,,,,
"Mar 25, 2008",,,0.602,,,,
"Apr 3, 2008",,,0.551,,,,
"Apr 3, 2008",,,0.551,,,,
"Apr 11, 2008",,,0.51,,,,
"Apr 11, 2008",,,0.51,,,,
"Apr 18, 2008",,,0.479,,,,
"Apr 19, 2008",,,0.475,,,,
"Apr 19, 2008",,,0.475,,,,
"Apr 19, 2008",,,0.474,,,,
"Apr 26, 2008",0.466,,0.452,,,,
"May 5, 2008",,,0.436,,,,
"May 5, 2008",,,0.436,,,,
"May 12, 2008",0.387,,0.433,,,,
"May 13, 2008",0.468,,0.434,,,,
"May 13, 2008",0.436,,0.434,,,,
"May 21, 2008",,,0.442,,,,
"May 21, 2008",,,0.442,,,,
"May 26, 2008",,,0.452,,,,
"May 28, 2008",,,0.457,,,,
"May 29, 2008",,,0.46,,,,
"May 29, 2008",,,0.46,,,,
"Jun 5, 2008",,,0.48,,,,
"Jun 13, 2008",0.501,,0.506,,,,
"Jun 14, 2008",0.549,,0.509,,,,
"Jun 14, 2008",0.514,,0.509,,,,
"Jun 21, 2008",,,0.531,,,,
"Jun 22, 2008",,,0.534,,,,
"Jun 22, 2008",,,0.534,,,,
"Jul 2, 2008",,,0.558,,,,
"Jul 7, 2008",0.604,,0.57,,,,
"Jul 8, 2008",0.571,,0.571,,,,
"Jul 8, 2008",0.578,,0.571,,,,
"Jul 15, 2008",,,0.58,,,,
"Jul 16, 2008",0.606,,0.581,,,,
"Jul 16, 2008",0.574,,0.581,,,,
"Aug 7, 2008",,,0.582,,,,
"Aug 9, 2008",,,0.581,,,,
"Aug 16, 2008",,,0.577,,,,
"Aug 17, 2008",,,0.577,,,,
"Aug 24, 2008",0.616,,0.575,,,,
"Aug 25, 2008",,,0.575,,,,
"Aug 25, 2008",,,0.575,,,,
"Sep 1, 2008",,,0.575,,,,
"Sep 2, 2008",,,0.576,,,,
"Sep 2, 2008",,,0.576,,,,
"Sep 10, 2008",,,0.581,,,,
"Sep 10, 2008",,,0.581,,,,
"Sep 13, 2008",,,0.583,,,,
"Sep 17, 2008",0.641,,0.589,,,,
"Sep 18, 2008",0.684,,0.59,,,,
"Sep 18, 2008",0.652,,0.59,,,,
"Sep 25, 2008",,,0.601,,,,
"Sep 26, 2008",,,0.603,,,,
"Oct 3, 2008",,,0.616,,,,
"Oct 4, 2008",,,0.618,,,,
"Oct 11, 2008",0.619,,0.632,,,,
"Oct 19, 2008",,,0.647,,,,
"Oct 19, 2008",,,0.647,,,,
"Oct 20, 2008",0.617,,0.648,,,,
"Oct 20, 2008",0.598,,0.648,,,,
"Oct 27, 2008",0.821,,0.66,,,,
"Nov 20, 2008",,,0.684,,,,
"Nov 25, 2008",,,0.688,,,,
"Dec 6, 2008",,,0.695,,,,
"Jan 1, 2009",,,0.727,,,,
"Jan 15, 2009",,,0.756,,,,
"Jan 23, 2009",,,0.77,,,,
"Jan 31, 2009",,,0.782,,,,
"Feb 6, 2009",,,0.786,,,,
"Feb 16, 2009",,,0.783,,,,
"Feb 24, 2009",,,0.77,,,,
"Mar 4, 2009",,,0.746,,,,
"Mar 12, 2009",,,0.713,,,,
"Mar 15, 2009",,,0.702,,,,
"Mar 20, 2009",,,0.673,,,,
"Mar 28, 2009",,,0.629,,,,
"Apr 6, 2009",,,0.579,,,,
"Apr 13, 2009",0.625,,0.544,,,,
"Apr 20, 2009",,,0.514,,,,
"Apr 29, 2009",0.462,,0.486,,,,
"May 8, 2009",,,0.473,,,,
"May 15, 2009",0.465,,0.473,,,,
"May 23, 2009",,,0.483,,,,
"May 24, 2009",,,0.485,,,,
"May 27, 2009",,,0.49,,,,
"May 31, 2009",,,0.501,,,,
"Jun 8, 2009",,,0.525,,,,
"Jun 9, 2009",,,0.528,,,,
"Jun 16, 2009",0.518,,0.551,,,,
"Jun 25, 2009",0.749,,0.578,,,,
"Jun 25, 2009",,,0.578,,,,
"Jul 2, 2009",,,0.596,,,,
"Jul 10, 2009",0.697,,0.612,,,,
"Jul 11, 2009",,,0.613,,,,
"Jul 11, 2009",,,0.613,,,,
"Aug 3, 2009",0.691,,0.623,,,,
"Aug 8, 2009",,,0.621,,,,
"Aug 19, 2009",,,0.615,,,,
"Aug 27, 2009",0.659,,0.613,,,,
"Aug 28, 2009",,,0.613,,,,
"Sep 4, 2009",0.634,,0.615,,,,
"Sep 12, 2009",0.629,,0.62,,,,
"Sep 13, 2009",,,0.621,,,,
"Sep 13, 2009",,,0.621,,,,
"Sep 13, 2009",,,0.621,,,,
"Sep 20, 2009",0.623,,0.63,,,,
"Sep 29, 2009",,,0.645,,,,
"Sep 29, 2009",,,0.645,,,,
"Oct 14, 2009",,,0.674,,,,
"Oct 20, 2009",,,0.684,,,,
"Oct 30, 2009",0.653,,0.702,,,,
"Nov 7, 2009",,,0.712,,,,
"Nov 23, 2009",,,0.725,,,,
"Nov 25, 2009",,,0.726,,,,
"Dec 1, 2009",,,0.73,,,,
"Dec 17, 2009",,,0.744,,,,
"Jan 1, 2010",,,0.766,,,,
"Jan 10, 2010",,,0.784,,,,
"Jan 27, 2010",,,0.816,,,,
"Jan 27, 2010",,,0.816,,,,
"Feb 3, 2010",,,0.823,,,,
"Feb 4, 2010",,,0.824,,,,
"Feb 4, 2010",,,0.824,,,,
"Feb 6, 2010",,,0.825,,,,
"Feb 20, 2010",,,0.817,,,,
"Feb 20, 2010",,,0.817,,,,
"Mar 7, 2010",,,0.774,,,,
"Mar 8, 2010",,,0.77,,,,
"Mar 8, 2010",,,0.77,,,,
"Mar 15, 2010",,,0.741,,,,
"Mar 15, 2010",,,0.738,,,,
"Mar 16, 2010",,,0.733,,,,
"Mar 16, 2010",,,0.733,,,,
"Apr 8, 2010",,,0.608,,,,
"Apr 16, 2010",,,0.569,,,,
"Apr 17, 2010",,,0.565,,,,
"Apr 20, 2010",,,0.553,,,,
"Apr 24, 2010",0.634,,0.539,,,,
"Apr 25, 2010",,,0.536,,,,
"Apr 25, 2010",,,0.536,,,,
"May 2, 2010",,,0.519,,,,
"May 18, 2010",0.533,,0.515,,,,
"May 19, 2010",,,0.516,,,,
"May 26, 2010",,,0.528,,,,
"May 27, 2010",,,0.529,,,,
"Jun 4, 2010",,,0.552,,,,
"Jun 4, 2010",,,0.552,,,,
"Jun 11, 2010",,,0.574,,,,
"Jun 19, 2010",,,0.599,,,,
"Jun 20, 2010",,,0.602,,,,
"Jun 20, 2010",,,0.602,,,,
"Jun 27, 2010",,,0.623,,,,
"Jul 2, 2010",,,0.635,,,,
"Jul 5, 2010",,,0.642,,,,
"Jul 6, 2010",,,0.644,,,,
"Jul 6, 2010",,,0.644,,,,
"Jul 13, 2010",,,0.655,,,,
"Jul 21, 2010",0.688,,0.661,,,,
"Jul 22, 2010",,,0.662,,,,
"Jul 29, 2010",,,0.663,,,,
"Aug 6, 2010",,,0.66,,,,
"Aug 7, 2010",,,0.66,,,,
"Aug 7, 2010",,,0.66,,,,
"Aug 8, 2010",,,0.66,,,,
"Aug 14, 2010",0.576,,0.656,,,,
"Aug 22, 2010",,,0.653,,,,
"Aug 30, 2010",0.66,,0.652,,,,
"Aug 31, 2010",,,0.653,,,,
"Aug 31, 2010",,,0.653,,,,
"Sep 13, 2010",,,0.66,,,,
"Sep 16, 2010",,,0.664,,,,
"Sep 16, 2010",,,0.664,,,,
"Sep 23, 2010",0.645,,0.674,,,,
"Oct 10, 2010",0.667,,0.705,,,,
"Oct 10, 2010",0.713,,0.705,,,,
"Oct 17, 2010",0.77,,0.719,,,,
"Oct 20, 2010",,,0.723,,,,
"Nov 10, 2010",0.795,,0.753,,,,
"Nov 11, 2010",,,0.754,,,,
"Nov 11, 2010",,,0.754,,,,
"Nov 25, 2010",,,0.765,,,,
"Dec 28, 2010",,,0.798,,,,
"Jan 1, 2011",,,0.804,,,,
"Jan 5, 2011",,,0.813,,,,
"Jan 29, 2011",,,0.857,,,,
"Feb 6, 2011",,,0.864,,,,
"Mar 2, 2011",,,0.831,,,,
"Mar 3, 2011",,,0.827,,,,
"Mar 3, 2011",,,0.827,,,,
"Mar 15, 2011",,,0.78,,,,
"Mar 19, 2011",,,0.756,,,,
"Mar 26, 2011",,,0.718,,,,
"Apr 3, 2011",,,0.673,,,,
"Apr 19, 2011",,,0.595,,,,
"Apr 20, 2011",,,0.592,,,,
"May 6, 2011",,,0.552,,,,
"May 13, 2011",0.488,,0.55,,,,
"May 22, 2011",,,0.559,,,,
"May 27, 2011",,,0.568,,,,
"Jun 6, 2011",,,0.597,,,,
"Jun 7, 2011",,,0.6,,,,
"Jun 7, 2011",,,0.6,,,,
"Jun 14, 2011",,,0.622,,,,
"Jun 22, 2011",,,0.647,,,,
"Jun 23, 2011",,,0.65,,,,
"Jun 23, 2011",,,0.65,,,,
"Jul 2, 2011",,,0.674,,,,
"Jul 8, 2011",,,0.686,,,,
"Jul 9, 2011",,,0.688,,,,
"Jul 16, 2011",0.698,,0.697,,,,
"Jul 24, 2011",,,0.701,,,,
"Jul 25, 2011",,,0.701,,,,
"Jul 25, 2011",,,0.701,,,,
"Aug 1, 2011",0.704,,0.701,,,,
"Aug 8, 2011",,,0.699,,,,
"Aug 9, 2011",0.746,,0.698,,,,
"Aug 17, 2011",0.759,,0.694,,,,
"Aug 26, 2011",,,0.691,,,,
"Sep 2, 2011",0.701,,0.692,,,,
"Sep 3, 2011",,,0.692,,,,
"Sep 10, 2011",,,0.696,,,,
"Sep 11, 2011",0.724,,0.697,,,,
"Sep 11, 2011",0.672,,0.697,,,,
"Sep 13, 2011",,,0.699,,,,
"Sep 18, 2011",0.735,,0.705,,,,
"Sep 19, 2011",,,0.707,,,,
"Sep 19, 2011",,,0.707,,,,
"Sep 26, 2011",0.638,,0.718,,,,
"Sep 27, 2011",,,0.719,,,,
"Sep 27, 2011",,,0.719,,,,
"Oct 12, 2011",,,0.748,,,,
"Oct 20, 2011",,,0.762,,,,
"Oct 28, 2011",,,0.776,,,,
"Oct 29, 2011",,,0.778,,,,
"Oct 29, 2011",,,0.778,,,,
"Nov 5, 2011",0.762,,0.787,,,,
"Nov 13, 2011",,,0.795,,,,
"Nov 25, 2011",,,0.803,,,,
"Jan 1, 2012",,,0.843,,,,
"Jan 9, 2012",,,0.86,,,,
"Jan 9, 2012",,,0.86,,,,
"Jan 16, 2012",,,0.874,,,,
"Feb 6, 2012",,,0.903,,,,
"Feb 10, 2012",,,0.903,,,,
"Feb 26, 2012",,,0.881,,,,
"Mar 4, 2012",,,0.859,,,,
"Mar 14, 2012",,,0.818,,,,
"Mar 20, 2012",0.82,,0.785,,,,
"Mar 29, 2012",,,0.735,,,,
"Apr 19, 2012",,,0.63,,,,
"Apr 21, 2012",0.536,,0.623,,,,
"Apr 30, 2012",0.576,,0.599,,,,
"Apr 30, 2012",0.598,,0.599,,,,
"May 7, 2012",0.569,,0.59,,,,
"May 23, 2012",,,0.602,,,,
"May 26, 2012",,,0.607,,,,
"Jun 1, 2012",,,0.624,,,,
"Jun 1, 2012",,,0.624,,,,
"Jun 8, 2012",,,0.645,,,,
"Jun 24, 2012",0.712,,0.695,,,,
"Jul 2, 2012",,,0.714,,,,
"Jul 10, 2012",0.726,,0.73,,,,
"Jul 26, 2012",,,0.74,,,,
"Aug 7, 2012",,,0.737,,,,
"Aug 27, 2012",0.752,,0.73,,,,
"Sep 12, 2012",0.712,,0.738,,,,
"Sep 13, 2012",,,0.739,,,,
"Sep 28, 2012",0.645,,0.762,,,,
"Oct 19, 2012",,,0.802,,,,
"Nov 15, 2012",0.754,,0.836,,,,
"Nov 25, 2012",,,0.843,,,,
"Dec 1, 2012",,,0.847,,,,
"Jan 1, 2013",,,0.882,,,,
"Jan 2, 2013",,,0.885,,,,
"Jan 18, 2013",,,0.917,,,,
"Feb 3, 2013",,,0.94,,,,
"Feb 6, 2013",,,0.941,,,,
"Feb 19, 2013",,,0.935,,,,
"Mar 15, 2013",,,0.858,,,,
"Mar 23, 2013",,,0.813,,,,
"Mar 30, 2013",,,0.773,,,,
"Apr 4, 2013",,,0.746,,,,
"Apr 20, 2013",,,0.67,,,,
"Apr 24, 2013",,,0.655,,,,
"May 2, 2013",,,0.636,,,,
"May 3, 2013",,,0.634,,,,
"May 3, 2013",,,0.634,,,,
"May 18, 2013",0.64,,0.631,,,,
"May 19, 2013",,,0.632,,,,
"May 19, 2013",,,0.632,,,,
"May 27, 2013",,,0.645,,,,
"Jun 3, 2013",,,0.665,,,,
"Jun 19, 2013",0.685,,0.716,,,,
"Jun 20, 2013",,,0.719,,,,
"Jun 20, 2013",,,0.719,,,,
"Jul 2, 2013",,,0.751,,,,
"Jul 5, 2013",,,0.758,,,,
"Jul 13, 2013",0.714,,0.771,,,,
"Jul 21, 2013",0.726,,0.778,,,,
"Jul 21, 2013",0.729,,0.778,,,,
"Aug 6, 2013",0.745,,0.777,,,,
"Aug 8, 2013",,,0.776,,,,
"Aug 22, 2013",,,0.77,,,,
"Aug 30, 2013",,,0.769,,,,
"Sep 7, 2013",0.724,,0.772,,,,
"Sep 13, 2013",,,0.777,,,,
"Sep 15, 2013",0.672,,0.779,,,,
"Oct 1, 2013",0.647,,0.804,,,,
"Oct 9, 2013",0.636,,0.82,,,,
"Oct 17, 2013",,,0.835,,,,
"Oct 20, 2013",,,0.84,,,,
"Oct 25, 2013",,,0.85,,,,
"Nov 18, 2013",,,0.877,,,,
"Nov 25, 2013",,,0.881,,,,
"Dec 4, 2013",,,0.887,,,,
"Dec 12, 2013",,,0.894,,,,
"Jan 1, 2014",,,0.921,,,,
"Jan 13, 2014",,,0.946,,,,
"Jan 21, 2014",,,0.961,,,,
"Jan 29, 2014",,,0.974,,,,
"Jan 30, 2014",,,0.975,,,,
"Jan 30, 2014",,,0.975,,,,
"Feb 6, 2014",,,0.98,,,,
"Feb 6, 2014",,,0.98,,,,
"Feb 15, 2014",,,0.978,,,,
"Feb 15, 2014",,,0.978,,,,
"Feb 22, 2014",,,0.968,,,,
"Mar 2, 2014",,,0.947,,,,
"Mar 10, 2014",,,0.917,,,,
"Mar 15, 2014",,,0.896,,,,
"Mar 18, 2014",,,0.878,,,,
"Apr 3, 2014",,,0.79,,,,
"Apr 11, 2014",,,0.748,,,,
"Apr 20, 2014",,,0.709,,,,
"May 5, 2014",,,0.67,,,,
"May 13, 2014",0.435,,0.667,,,,
"May 14, 2014",,,0.667,,,,
"May 21, 2014",,,0.674,,,,
"May 27, 2014",,,0.684,,,,
"May 29, 2014",0.472,,0.69,,,,
"Jun 22, 2014",,,0.764,,,,
"Jun 22, 2014",,,0.764,,,,
"Jun 30, 2014",,,0.786,,,,
"Jul 2, 2014",,,0.79,,,,
"Jul 8, 2014",0.555,,0.803,,,,
"Jul 8, 2014",0.552,,0.803,,,,
"Jul 24, 2014",,,0.818,,,,
"Jul 24, 2014",,,0.818,,,,
"Aug 1, 2014",0.591,,0.818,,,,
"Aug 8, 2014",,,0.815,,,,
"Aug 9, 2014",0.57,,0.814,,,,
"Aug 25, 2014",0.569,,0.808,,,,
"Aug 25, 2014",,,0.808,,,,
"Sep 2, 2014",0.596,,0.808,,,,
"Sep 10, 2014",0.595,,0.813,,,,
"Sep 13, 2014",,,0.816,,,,
"Sep 18, 2014",0.623,,0.822,,,,
"Sep 26, 2014",0.593,,0.834,,,,
"Sep 26, 2014",0.597,,0.834,,,,
"Oct 12, 2014",,,0.865,,,,
"Oct 20, 2014",,,0.879,,,,
"Oct 20, 2014",,,0.88,,,,
"Oct 28, 2014",,,0.893,,,,
"Nov 5, 2014",,,0.904,,,,
"Nov 13, 2014",,,0.912,,,,
"Nov 21, 2014",,,0.918,,,,
"Nov 25, 2014",,,0.92,,,,
"Nov 29, 2014",,,0.923,,,,
"Dec 7, 2014",,,0.928,,,,
"Dec 31, 2014",,,0.959,,,,
"Dec 31, 2014",,,0.959,,,,
"Jan 1, 2015",,,0.96,,,,
"Jan 8, 2015",,,0.975,,,,
"Jan 16, 2015",,,0.991,,,,
"Feb 1, 2015",,,1.016,,,,
"Feb 6, 2015",,,1.019,,,,
"Feb 17, 2015",,,1.015,,,,
"Feb 25, 2015",,,1,,,,
"Mar 5, 2015",,,0.976,,,,
"Mar 13, 2015",,,0.942,,,,
"Mar 15, 2015",,,0.935,,,,
"Mar 29, 2015",,,0.857,,,,
"Apr 6, 2015",,,0.813,,,,
"Apr 14, 2015",,,0.772,,,,
"Apr 15, 2015",,,0.768,,,,
"Apr 20, 2015",,,0.748,,,,
"Apr 22, 2015",,,0.74,,,,
"May 1, 2015",,,0.715,,,,
"May 1, 2015",,,0.715,,,,
"May 8, 2015",0.399,,0.706,,,,
"May 24, 2015",,,0.718,,,,
"May 24, 2015",,,0.718,,,,
"May 27, 2015",,,0.723,,,,
"Jun 1, 2015",,,0.737,,,,
"Jun 17, 2015",,,0.787,,,,
"Jun 25, 2015",0.514,,0.812,,,,
"Jun 25, 2015",0.514,,0.812,,,,
"Jul 2, 2015",,,0.829,,,,
"Jul 3, 2015",0.503,,0.832,,,,
"Jul 11, 2015",0.588,,0.846,,,,
"Jul 27, 2015",,,0.857,,,,
"Jul 27, 2015",,,0.857,,,,
"Aug 4, 2015",,,0.855,,,,
"Aug 8, 2015",,,0.854,,,,
"Aug 12, 2015",,,0.852,,,,
"Aug 20, 2015",,,0.848,,,,
"Aug 28, 2015",0.617,,0.846,,,,
"Aug 28, 2015",0.618,,0.846,,,,
"Sep 5, 2015",0.573,,0.848,,,,
"Sep 13, 2015",,,0.854,,,,
"Sep 13, 2015",,,0.855,,,,
"Sep 21, 2015",,,0.865,,,,
"Oct 7, 2015",,,0.894,,,,
"Oct 15, 2015",0.657,,0.909,,,,
"Oct 15, 2015",0.655,,0.909,,,,
"Oct 20, 2015",,,0.918,,,,
"Oct 31, 2015",0.668,,0.936,,,,
"Nov 8, 2015",,,0.946,,,,
"Nov 16, 2015",,,0.953,,,,
"Nov 24, 2015",0.758,,,,,,
"Nov 25, 2015",,,,,,,
"Dec 26, 2015",0.707,,,0.673,,,
"Jan 1, 2016",,,,0.664,,,
"Jan 11, 2016",,,,0.647,,,
"Jan 19, 2016",,,,0.636,,,
"Feb 6, 2016",,,,0.619,,,
"Feb 12, 2016",,,,0.614,,,
"Feb 28, 2016",,,,0.603,,,
"Mar 14, 2016",,,,0.589,,,
"Mar 23, 2016",,,,0.577,,,
"Apr 16, 2016",,,,0.541,,,
"Apr 19, 2016",,,,0.537,,,
"Apr 24, 2016",0.522,,,0.531,,,
"May 10, 2016",0.515,,,0.524,,,
"May 18, 2016",0.491,,,0.528,,,
"May 26, 2016",,,,0.537,,,
"May 26, 2016",,,,0.538,,,
"Jun 19, 2016",,,,0.592,,,
"Jun 27, 2016",,,,0.613,,,
"Jun 27, 2016",,,,0.613,,,
"Jul 2, 2016",,,,0.625,,,
"Jul 5, 2016",0.605,,,0.633,,,
"Jul 13, 2016",,,,0.651,,,
"Jul 13, 2016",,,,0.651,,,
"Jul 21, 2016",,,,0.664,,,
"Jul 29, 2016",,,,0.673,,,
"Aug 6, 2016",,,,0.679,,,
"Aug 7, 2016",,,,0.679,,,
"Aug 14, 2016",,,,0.68,,,
"Aug 22, 2016",,,,0.68,,,
"Aug 30, 2016",,,,0.679,,,
"Aug 30, 2016",,,,0.679,,,
"Sep 7, 2016",0.67,,,0.679,,,
"Sep 13, 2016",,,,0.68,,,
"Sep 15, 2016",,,,0.681,,,
"Sep 15, 2016",,,,0.681,,,
"Oct 1, 2016",,,,0.692,,,
"Oct 2, 2016",,,,0.693,,,
"Oct 9, 2016",,,,0.7,,,
"Oct 17, 2016",0.743,,,0.71,,,
"Oct 18, 2016",,,,0.712,,,
"Oct 19, 2016",,,,0.713,,,
"Nov 2, 2016",,,,0.729,,,
"Nov 10, 2016",,,,0.735,,,
"Nov 18, 2016",,,,0.737,,,
"Nov 19, 2016",0.801,,,0.737,,,
"Nov 19, 2016",,,,0.737,,,
"Nov 25, 2016",,,,0.736,,,
"Dec 4, 2016",,,,0.729,,,
"Dec 20, 2016",,,,0.708,,,
"Dec 21, 2016",,,,0.707,,,
"Jan 1, 2017",,,,0.691,,,
"Jan 5, 2017",,,,0.684,,,
"Jan 6, 2017",,,,0.682,,,
"Feb 6, 2017",,,,0.646,,,
"Feb 6, 2017",,,,0.646,,,
"Feb 14, 2017",,,,0.641,,,
"Mar 10, 2017",,,,0.622,,,
"Mar 15, 2017",,,,0.617,,,
"Mar 18, 2017",,,,0.613,,,
"Mar 26, 2017",,,,0.602,,,
"Apr 3, 2017",,,,0.59,,,
"Apr 19, 2017",,,,0.566,,,
"Apr 20, 2017",,,,0.565,,,
"Apr 27, 2017",,,,0.557,,,
"May 13, 2017",,,,0.552,,,
"May 13, 2017",,,,0.552,,,
"May 21, 2017",0.501,,,0.558,,,
"May 27, 2017",,,,0.564,,,
"May 29, 2017",,,,0.569,,,
"May 30, 2017",,,,0.57,,,
"May 30, 2017",,,,0.57,,,
"Jun 6, 2017",,,,0.584,,,
"Jun 14, 2017",0.627,,,0.604,,,
"Jun 15, 2017",,,,0.606,,,
"Jun 15, 2017",,,,0.606,,,
"Jun 22, 2017",0.64,,,0.625,,,
"Jun 30, 2017",,,,0.646,,,
"Jun 30, 2017",,,,0.646,,,
"Jul 2, 2017",,,,0.651,,,
"Jul 8, 2017",,,,0.666,,,
"Jul 16, 2017",,,,0.682,,,
"Jul 16, 2017",,,,0.682,,,
"Jul 17, 2017",,,,0.684,,,
"Jul 17, 2017",,,,0.684,,,
"Jul 24, 2017",,,,0.694,,,
"Aug 1, 2017",0.701,,,0.703,,,
"Aug 1, 2017",0.702,,,0.703,,,
"Aug 2, 2017",,,,0.703,,,
"Aug 2, 2017",,,,0.703,,,
"Aug 8, 2017",,,,0.706,,,
"Aug 17, 2017",0.701,,,0.708,,,
"Aug 25, 2017",,,,0.708,,,
"Sep 2, 2017",0.725,,,0.707,,,
"Sep 2, 2017",,,,0.707,,,
"Sep 3, 2017",,,,0.707,,,
"Sep 3, 2017",,,,0.707,,,
"Sep 13, 2017",,,,0.707,,,
"Sep 18, 2017",,,,0.709,,,
"Sep 18, 2017",,,,0.709,,,
"Sep 19, 2017",,,,0.71,,,
"Sep 26, 2017",,,,0.714,,,
"Oct 4, 2017",0.667,,,0.721,,,
"Oct 5, 2017",,,,0.722,,,
"Oct 5, 2017",,,,0.722,,,
"Oct 12, 2017",0.732,,,0.73,,,
"Oct 20, 2017",,,,0.74,,,
"Oct 20, 2017",0.742,,,0.741,,,
"Oct 21, 2017",0.875,,,0.742,,,
"Oct 21, 2017",0.667,,,0.742,,,
"Oct 28, 2017",,,,0.75,,,
"Nov 13, 2017",,,,0.763,,,
"Nov 21, 2017",,,,0.764,,,
"Nov 22, 2017",,,,0.764,,,
"Nov 25, 2017",,,,0.763,,,
"Nov 29, 2017",0.686,,,0.761,,,
"Dec 8, 2017",,,,0.754,,,
"Dec 8, 2017",,,,0.754,,,
"Dec 15, 2017",,,,0.745,,,
"Dec 31, 2017",,,,0.72,,,
"Jan 1, 2018",,,,0.719,,,
"Jan 9, 2018",,,,0.705,,,
"Jan 9, 2018",,,,0.705,,,
"Jan 16, 2018",,,,0.695,,,
"Jan 25, 2018",,,,0.684,,,
"Jan 25, 2018",,,,0.684,,,
"Feb 6, 2018",,,,0.674,,,
"Feb 9, 2018",,,,0.672,,,
"Feb 17, 2018",,,,0.666,,,
"Feb 26, 2018",,,,0.66,,,
"Mar 15, 2018",,,,0.645,,,
"Mar 21, 2018",,,,0.636,,,
"Apr 6, 2018",,,,0.613,,,
"Apr 14, 2018",,,,0.6,,,
"Apr 15, 2018",,,,0.599,,,
"Apr 15, 2018",,,,0.599,,,
"Apr 20, 2018",,,,0.592,,,
"Apr 22, 2018",,,,0.59,,,
"May 8, 2018",0.597,,,0.579,,,
"May 16, 2018",0.621,,,0.581,,,
"May 17, 2018",,,,0.582,,,
"May 17, 2018",,,,0.582,,,
"May 24, 2018",,,,0.589,,,
"May 27, 2018",,,,0.592,,,
"Jun 1, 2018",,,,0.602,,,
"Jun 2, 2018",,,,0.604,,,
"Jun 2, 2018",,,,0.604,,,
"Jun 9, 2018",,,,0.619,,,
"Jun 17, 2018",,,,0.639,,,
"Jun 17, 2018",,,,0.639,,,
"Jun 18, 2018",,,,0.642,,,
"Jun 25, 2018",,,,0.66,,,
"Jul 2, 2018",,,,0.678,,,
"Jul 3, 2018",,,,0.681,,,
"Jul 3, 2018",,,,0.681,,,
"Jul 4, 2018",,,,0.684,,,
"Jul 4, 2018",,,,0.684,,,
"Jul 11, 2018",0.72,,,0.7,,,
"Jul 19, 2018",0.716,,,0.715,,,
"Jul 19, 2018",0.714,,,0.715,,,
"Jul 20, 2018",,,,0.716,,,
"Jul 20, 2018",,,,0.716,,,
"Jul 27, 2018",0.724,,,0.726,,,
"Aug 5, 2018",,,,0.733,,,
"Aug 5, 2018",,,,0.733,,,
"Aug 8, 2018",,,,0.734,,,
"Aug 12, 2018",,,,0.735,,,
"Aug 20, 2018",,,,0.736,,,
"Aug 20, 2018",,,,0.736,,,
"Aug 21, 2018",,,,0.735,,,
"Aug 21, 2018",,,,0.735,,,
"Aug 28, 2018",,,,0.735,,,
"Sep 5, 2018",0.752,,,0.734,,,
"Sep 5, 2018",0.749,,,0.734,,,
"Sep 6, 2018",,,,0.734,,,
"Sep 6, 2018",,,,0.734,,,
"Sep 13, 2018",,,,0.735,,,
"Sep 13, 2018",0.778,,,0.735,,,
"Sep 22, 2018",,,,0.739,,,
"Sep 22, 2018",,,,0.739,,,
"Sep 29, 2018",,,,0.744,,,
"Oct 7, 2018",,,,0.752,,,
"Oct 8, 2018",,,,0.753,,,
"Oct 8, 2018",,,,0.753,,,
"Oct 15, 2018",,,,0.762,,,
"Oct 20, 2018",,,,0.767,,,
"Oct 23, 2018",,,,0.772,,,
"Nov 9, 2018",0.689,,,0.789,,,
"Nov 9, 2018",0.804,,,0.789,,,
"Nov 24, 2018",,,,0.791,,,
"Nov 25, 2018",,,,0.791,,,
"Dec 10, 2018",,,,0.779,,,
"Dec 10, 2018",,,,0.779,,,
"Dec 11, 2018",,,,0.778,,,
"Dec 11, 2018",,,,0.778,,,
"Dec 18, 2018",,,,0.768,,,
"Dec 26, 2018",,,,0.755,,,
"Dec 26, 2018",,,,0.755,,,
"Dec 27, 2018",,,,0.754,,,
"Dec 27, 2018",,,,0.754,,,
"Jan 1, 2019",,,,0.746,,,
"Jan 11, 2019",,,,0.73,,,
"Jan 11, 2019",,,,0.73,,,
"Jan 12, 2019",,,,0.728,,,
"Jan 12, 2019",,,,0.728,,,
"Jan 19, 2019",,,,0.719,,,
"Jan 27, 2019",,,,0.71,,,
"Jan 27, 2019",,,,0.71,,,
"Jan 28, 2019",,,,0.709,,,
"Jan 28, 2019",,,,0.709,,,
"Feb 12, 2019",,,,0.697,,,
"Feb 20, 2019",,,,0.692,,,
"Feb 28, 2019",,,,0.686,,,
"Mar 1, 2019",,,,0.685,,,
"Mar 1, 2019",,,,0.685,,,
"Mar 8, 2019",,,,0.679,,,
"Mar 17, 2019",,,,0.669,,,
"Mar 17, 2019",,,,0.669,,,
"Mar 24, 2019",,,,0.66,,,
"Apr 1, 2019",,,,0.648,,,
"Apr 2, 2019",,,,0.646,,,
"Apr 2, 2019",,,,0.646,,,
"Apr 17, 2019",,,,0.624,,,
"May 4, 2019",,,,0.608,,,
"May 20, 2019",,,,0.612,,,
"May 20, 2019",,,,0.612,,,
"May 27, 2019",,,,0.62,,,
"Jun 4, 2019",,,,0.635,,,
"Jun 5, 2019",,,,0.637,,,
"Jun 5, 2019",,,,0.637,,,
"Jun 12, 2019",0.674,,,0.654,,,
"Jun 28, 2019",0.696,,,0.696,,,
"Jul 6, 2019",,,,0.716,,,
"Jul 6, 2019",,,,0.716,,,
"Jul 7, 2019",0.739,,,0.718,,,
"Jul 7, 2019",0.717,,,0.718,,,
"Jul 22, 2019",0.771,,,0.747,,,
"Jul 22, 2019",0.772,,,0.747,,,
"Jul 30, 2019",0.74,,,0.756,,,
"Aug 7, 2019",,,,0.761,,,
"Aug 15, 2019",0.755,,,0.763,,,
"Aug 23, 2019",,,,0.763,,,
"Aug 23, 2019",,,,0.763,,,
"Aug 24, 2019",,,,0.763,,,
"Aug 31, 2019",,,,0.762,,,
"Sep 8, 2019",0.773,,,,,,
"Sep 8, 2019",0.774,,,,,,
"Sep 9, 2019",,,,,,,
"Sep 9, 2019",,,,,,,
"Sep 25, 2019",,,,,,,
"Oct 10, 2019",,,,,,,
"Oct 11, 2019",,,,,,,
"Oct 11, 2019",,,,,,,
"Oct 26, 2019",,,,,,,
"Nov 3, 2019",,,,,,,
"Nov 27, 2019",,,,,,,
"Dec 13, 2019",,,,,,,
"Dec 29, 2019",,,,,,,
"Dec 29, 2019",,,,,,,
"Dec 30, 2019",,,,,,,
"Dec 30, 2019",,,,,,,
